Provincia,Comune,Occupazione,Reddito,Popolazione,Cibo,Istruzione,Natura,Tempo libero,Turismo
LO,Abbadia Cerreto,56.382978723,3473755,275,3,0,4,0,7.3119432014599415
BS,Acquafredda,58.051689861,19295002,1518,0,0,0,0,11.962908155275205
CR,Acquanegra Cremonese,63.938973648,16680806,1123,3,0,0,1,28.562357039862906
VV,Acquaro,47.980501393,16469684,1891,0,0,10,0,17.73405959110166
CL,Acquaviva Platani,43.280977312,6689931,891,1,0,0,0,9.10882294945355
IS,Acquaviva d'Isernia,47.142857143,4199584,377,0,0,2,0,3.7757295766502987
RC,Africo,70.808080808,26776590,2783,0,0,12,0,26.099358985740835
VA,Agra,36.40167364,3176195,407,0,0,2,3,4.424511341960319
MB,Aicurzio,66.642651297,37708851,2071,1,0,9,1,18.44636607608167
CE,Ailano,46.928746929,11970922,1225,0,0,1,0,7.705817860034197
BI,Ailoche,62.303664921,4262395,314,0,0,2,1,3.412368634628411
PV,Alagna,68.318584071,11978507,799,0,1,1,0,4.946909585073021
BG,Albano Sant'Alessandro,68.740902475,121661441,8274,1,0,6,0,71.04766578726479
PV,Albaredo Arnaboldi,61.30952381,3650870,225,0,0,1,0,1.4153543008226077
TN,Albiano,72.523961661,21584038,1494,3,2,2,0,38.27591684487363
MB,Albiate,67.25368872,110776548,6574,13,1,6,1,177.65142350152823
CO,Albiolo,46.430517711,29407088,2725,0,0,6,0,25.555426962322592
VA,Albizzate,64.707655214,83110192,5195,4,1,5,3,141.76782137389802
PV,Albonese,62.576687117,8012957,533,0,0,0,0,4.200415050567645
PV,Albuzzano,70.325542571,52041222,3574,6,0,0,0,89.89701623294965
AG,Alessandria della Rocca,41.840767928,20447564,2521,0,0,0,0,19.867253925855593
BS,Alfianello,63.989962359,34233138,2372,2,0,1,0,50.388310977206466
PA,Alimena,44.595744681,13992633,1773,1,1,0,0,17.983301545623306
BG,Almè,65.719965919,83389629,5507,1,0,6,3,72.3538050804082
CO,Alserio,66.006984866,20594492,1303,3,0,2,0,33.11657238300195
CN,Alto,48.235294118,1331752,142,1,0,4,1,1.264791879673393
PA,Altofonte,44.197162061,86299990,9903,0,1,0,1,86.35685401393552
AL,Alzano Scrivia,59.745762712,4550182,348,0,0,0,0,2.7424848735413514
ME,Alì,50.0,5779226,685,0,0,0,0,5.398282006827086
CZ,Amato,50.902527076,6242916,787,0,0,0,0,6.202113780106447
AV,Andretta,46.406926407,15242751,1688,6,0,0,5,43.46038969524006
PD,Anguillara Veneta,64.396957624,51529041,4156,5,0,0,0,104.53609386237795
CR,Annicco,67.226219025,28773399,1983,1,0,0,0,20.272498214103695
RC,Anoia,47.918136909,15477528,2048,0,0,0,0,16.139681094864045
BG,Antegnate,65.048076923,38451029,3227,12,0,0,0,81.1689063748541
FG,Anzano di Puglia,46.221662469,9458754,1103,2,0,0,0,22.431012121068225
PZ,Anzi,52.106227106,13410813,1553,1,0,19,0,13.335390979891494
BG,Arcene,66.718555417,70534417,4815,4,1,0,2,123.98418828305408
VA,Arcisate,51.20529384,108583218,9915,3,0,9,4,270.91314102823736
CN,Arguello,61.739130435,2480917,199,0,0,1,4,2.2443998011909967
CZ,Argusto,43.653250774,3495410,458,0,0,1,0,2.881032310118908
CE,Arienzo,48.624595469,41468443,5290,5,5,2,0,123.97551245526651
IM,Armo,46.153846154,1100078,118,0,0,1,6,1.3308501333695357
FR,Arnara,50.931677019,22597367,2199,0,0,0,0,17.329667347463886
VB,Arola,57.333333333,2879352,241,1,0,0,0,2.463778149066561
BN,Arpaia,48.575399583,15291032,1981,2,0,1,1,41.8219723011601
PD,Arre,68.498942918,29314234,2097,4,3,0,0,46.577745054282026
VA,Arsago Seprio,66.084471261,72772152,4785,4,0,5,1,129.13586447633296
VI,Asigliano Veneto,66.068222621,11059011,844,1,0,0,0,8.628335094656338
VC,Asigliano Vercellese,68.680089485,21760086,1382,3,2,1,1,36.59580092078138
OR,Asuni,35.348837209,2538655,311,2,0,0,1,6.187453340348425
CR,Azzanello,65.829145729,8774177,615,0,0,2,0,6.15934665686985
VA,Azzio,61.570247934,10610343,755,1,2,2,0,6.214483285095534
BG,Azzone,61.572052402,4642217,372,1,0,16,0,3.194311297179418
AV,Baiano,50.516755402,45159073,4515,0,1,2,0,45.16630853048696
PZ,Baragiano,54.328878559,24541020,2534,1,0,19,0,21.759098997453346
TO,Barbania,59.897959184,23445448,1570,1,0,12,0,13.481367571429264
AN,Barbara,66.049382716,18339819,1280,4,0,0,0,32.195909563003795
BS,Barbariga,63.600264725,30576711,2317,1,1,0,0,23.501020688781274
BG,Barbata,56.25,8882327,687,0,1,0,0,5.207867248210527
PV,Barbianello,62.321428571,12973203,874,2,0,0,0,17.773984219232663
PD,Barbona,59.677419355,8521153,608,0,0,0,0,4.791467825037763
NO,Barengo,65.280665281,12335128,730,2,1,0,0,14.814372967023726
CO,Barni,63.956639566,7125742,559,2,0,4,1,8.44851182621378
TO,Barone Canavese,60.932944606,8441727,556,1,1,2,1,4.807568170772781
BG,Barzana,67.460908414,29119639,2004,1,0,4,1,17.849598076517463
ME,Basicò,50.147492625,4262765,532,0,2,0,1,4.748364122153795
AL,Bassignana,58.476190476,21589362,1556,0,0,2,1,16.909699348668177
PV,Battuda,67.653276956,9732638,683,0,0,0,0,5.382520599507882
PA,Baucina,39.613120269,12876525,1875,0,0,0,0,14.776319361752972
VA,Bedero Valcuvia,53.882352941,9037787,665,0,1,1,1,4.303309561554782
BG,Bedulita,63.296703297,8709625,705,0,0,30,2,7.444323333770971
VR,Belfiore,76.564847271,44293880,3271,9,1,2,1,84.32764130384501
MI,Bellinzago Lombardo,71.331194868,66813106,3809,9,3,0,2,84.67042307264815
PA,Belmonte Mezzagno,41.631995705,70590718,10948,0,1,0,0,82.99232988851361
IS,Belmonte del Sannio,53.417721519,6372205,646,0,0,0,2,5.654026799317611
CS,Belsito,46.474358974,6278756,892,0,0,0,0,7.029587664364613
KR,Belvedere di Spinello,36.599423631,12999079,1973,0,0,0,0,15.548628320393926
RC,Benestare,65.092533504,18890904,2478,0,0,2,0,24.817660188168276
CO,Beregazzo con Figliaro,55.568246716,32973153,2794,7,2,4,2,76.26371397947092
BS,Berlingo,65.98676957,35328197,2752,1,1,0,0,27.913167430093253
MB,Bernareggio,71.500751058,210134375,11385,7,0,6,1,307.2542982367922
AL,Berzano di Tortona,47.252747253,2233372,157,0,0,1,1,1.0376185244681604
BS,Berzo Inferiore,66.035353535,31046123,2447,5,1,5,3,66.77687370585726
BG,Berzo San Fermo,61.26340882,16033692,1428,0,0,3,0,13.391981542090518
VA,Besano,43.183183183,22824170,2509,0,1,3,5,27.832393616188625
BG,Bianzano,60.552763819,8560941,602,0,0,4,0,5.645639277547963
UD,Bicinicco,69.611890999,26773471,1811,2,1,2,2,39.497170785480904
BS,Bione,66.037735849,19371956,1311,1,0,6,1,11.677057424308579
VA,Bisuschio,42.005122576,44990177,4250,0,2,5,3,45.01853484923218
BG,Blello,37.254901961,763580,72,0,0,10,0,0.6752259601054043
BG,Bolgare,69.205298013,89786058,6521,0,0,2,1,70.8664199567257
LO,Borgo San Giovanni,70.336391437,35686941,2435,2,0,1,0,51.72661771901254
AL,Borgo San Martino,64.27783903,18732123,1343,1,0,0,1,12.387380766883856
RI,Borgo Velino,58.080808081,12337987,940,1,0,12,0,8.071646826206056
VC,Borgo Vercelli,68.911174785,35210959,2260,6,1,0,0,57.06102408911938
BG,Borgo di Terzo,63.273195876,14653139,1147,0,0,4,0,10.756724670012481
AL,Borgoratto Alessandrino,64.637681159,8141590,536,0,0,0,0,4.224057161546449
BS,Borgosatollo,64.673550966,132863582,9061,2,0,0,0,184.26781580144984
PV,Bornasco,70.533260033,39253986,2671,0,0,0,1,22.92954298727216
VR,Boschi Sant'Anna,61.946902655,17895968,1361,0,0,0,0,10.725637680717757
TO,Bosconero,61.34201302,44344148,3066,3,1,1,0,79.69673776912126
LE,Botrugno,57.757575758,26349463,2613,1,0,0,0,26.7130800975557
FR,Boville Ernica,52.210792276,71664678,8423,1,0,1,0,50.368587322686395
BS,Brandico,65.636363636,21968930,1744,0,0,0,2,15.264121885464263
CO,Bregnano,66.228070175,95335447,6384,6,1,1,2,169.4823168297303
BG,Brembate di Sopra,66.425120773,127719282,7920,18,2,6,4,216.09423865244645
LO,Brembio,62.721555174,39585815,2692,3,0,0,0,67.71202229969235
CO,Brenna,66.762589928,34112730,2177,2,0,1,0,46.24593296685433
BG,Brignano Gera d'Adda,70.801623541,93293171,6098,10,5,0,2,135.55270146941675
AL,Brignano-Frascata,64.0,7263061,426,0,0,9,0,3.995086930623642
NO,Briona,64.721845319,19176181,1105,2,1,0,0,22.424496066522217
TO,Bruino,64.30020284,135897361,8489,2,0,0,1,168.89161223864238
MI,Bubbiano,69.274092616,36980207,2460,0,0,1,0,15.474540355660512
BN,Bucciano,50.607576841,15224458,2000,0,0,3,0,18.756276669594563
MI,Buccinasco,69.942915277,531577011,26912,22,3,0,12,604.8999251484119
LC,Bulciago,67.963263101,42551727,2866,1,0,12,1,25.527419205239045
VC,Buronzo,64.498141264,12779433,851,2,0,4,0,12.88689370174896
CO,Cabiate,63.782373017,116400417,7405,12,2,10,11,202.04265621481895
CO,Cadorago,64.182509506,121755794,7931,6,1,2,5,208.77219298909094
TO,Cafasse,63.160422671,51139009,3310,2,0,1,0,70.31421135520802
BS,Caino,67.479108635,31280843,2136,5,1,54,9,58.28990692100985
AG,Calamonaci,47.183979975,8814324,1184,1,0,0,0,12.104204682551071
MT,Calciano,56.387665198,7162593,667,1,0,3,1,5.940959040437698
CS,Caloveto,69.080779944,9413652,1131,0,0,1,0,7.114514285468308
RO,Calto,68.764044944,9682300,659,0,0,0,0,5.193383711677444
BG,Calvenzano,70.153621068,66401665,4279,0,0,0,1,36.73362577406873
PZ,Calvera,54.852320675,3070318,358,0,0,5,0,3.3573735238574267
MI,Calvignasco,67.857142857,19028440,1222,0,0,0,0,9.630219872033136
AG,Camastra,43.464810518,14961436,1947,0,0,0,0,15.343730025244286
CE,Camigliano,52.545027408,18365184,1993,0,0,0,0,15.706242393585958
CR,Campagnola Cremasca,63.180827887,11117922,662,0,0,0,0,5.2170258226562485
CS,Campana,66.030150754,13655787,1509,12,3,0,2,33.54362520783042
MB,Camparada,66.94214876,41045440,2156,1,0,5,0,18.513266550319422
CB,Campochiaro,53.863636364,5950573,595,0,0,1,0,3.742825817730896
PA,Campofiorito,47.814569536,9416480,1179,0,0,0,0,9.291349614670269
CB,Campolieto,42.435424354,7815996,800,2,0,1,0,16.994371324521573
UD,Campolongo Tapogliano,66.995768688,16914014,1132,1,4,1,0,7.910425181913257
SA,Campora,50.241545894,4069689,325,1,0,1,1,1.977854038418425
CT,Camporotondo Etneo,51.13960114,38842557,5213,3,0,0,0,131.12287230620217
PV,Campospinoso,69.157392687,15996113,1091,0,0,1,0,6.862895743099845
PV,Candia Lomellina,55.995934959,19637006,1445,0,1,1,1,9.35080047585964
RC,Candidoni,52.47148289,2826001,418,0,1,1,0,2.587995252265986
SA,Cannalonga,52.241112828,7877662,981,6,1,1,3,25.80616377189559
BG,Canonica d'Adda,63.501381215,64219239,4235,3,1,3,2,115.10462968078342
CR,Capergnanica,64.187327824,36506703,2148,5,0,0,4,55.303860820720175
ME,Capizzi,47.854954035,20064516,2888,0,2,3,0,29.378831033928478
BG,Capizzone,61.838790932,16442965,1206,0,0,13,0,11.31003483176552
CR,Cappella Cantone,61.079545455,8440542,543,4,0,0,0,13.658108509930516
CR,Capralba,65.768725361,33551501,2267,0,0,0,0,17.86555519631679
RM,Capranica Prenestina,40.0,3169899,309,3,0,4,0,8.21596527000408
FG,Carapelle,62.092511013,53041749,6782,1,0,0,1,62.55488932316182
AQ,Carapelle Calvisio,40.0,783449,78,0,0,7,0,0.7314947901141879
PZ,Carbone,45.398773006,4665275,541,0,0,15,0,5.07357283912533
RC,Cardeto,54.333333333,12252628,1361,0,0,5,0,12.7636462736591
,Cardito,40.450945324,147125020,21599,2,0,0,1,429.71962925461617
CN,Cardè,60.138888889,13996599,1143,0,0,0,2,10.00395144213627
VC,Caresana,57.040229885,12944868,1057,2,0,1,1,22.31490394867553
VC,Caresanablot,68.361581921,20933522,1088,0,0,4,2,11.48854437892598
KR,Carfizzi,56.811594203,4827067,524,0,0,0,0,4.12948871763123
AV,Carife,45.862884161,11900140,1289,0,0,0,0,10.158227017226443
CE,Carinaro,46.135362435,59302151,7121,2,0,0,0,144.81526501734072
FG,Carlantino,43.053173242,6539216,826,2,0,6,1,12.483847528537716
VA,Caronno Varesino,64.541062802,73524759,4786,2,0,5,2,74.12429609796293
IS,Carpinone,47.983870968,9493812,1042,0,0,2,1,11.323847507270077
CE,Casal di Principe,41.410512309,121067439,21244,1,1,0,2,241.28168624772414
CH,Casalanguida,55.762081784,8155085,837,0,0,0,0,6.596148963086526
NO,Casalbeltrame,67.710049423,17517308,991,3,0,2,1,25.52056220657092
CR,Casaletto Ceredano,63.93659181,17061272,1151,1,0,1,1,7.004646148368023
LO,Casaletto Lodigiano,72.934617334,44313516,2959,5,1,2,0,75.34745729808539
CR,Casaletto Vaprio,65.809768638,24656478,1771,0,0,0,0,13.956726181154407
CR,Casaletto di Sopra,67.397260274,6999719,515,0,0,0,0,4.058562384694816
LO,Casalmaiocco,68.58365019,57498837,3208,3,0,0,0,80.69099834227826
CR,Casalmorano,64.256619145,23586545,1621,2,0,0,0,32.96524990775303
AL,Casalnoceto,65.403624382,15344130,969,2,0,3,0,14.673795531133658
MN,Casalromano,62.079207921,19756726,1483,0,0,0,0,11.68708352718915
ME,Casalvecchio Siculo,55.95959596,7255350,735,0,0,0,0,5.792317189807164
NO,Casalvolone,60.854092527,11205088,875,0,0,0,0,6.895615702151386
,Casamarciano,51.194852941,31347602,3048,0,0,0,0,24.02038475446563
,Casandrino,43.480831773,89536060,13363,18,2,0,0,339.6527233595318
VC,Casanova Elvo,55.479452055,3247665,222,0,0,1,1,1.4672058116683542
PV,Casanova Lonati,56.949152542,6165103,453,0,0,0,0,3.569958757799518
BI,Casapinta,66.798418972,5644527,397,0,0,2,4,4.315800989578001
LO,Caselle Lurani,68.188512518,41435277,3038,3,3,0,0,67.47886956361887
BG,Casirate d'Adda,65.653606737,60259628,4069,7,3,1,0,94.52271863790679
BG,Casnigo,64.551313832,46596982,3075,1,0,10,1,27.388979084476645
SR,Cassaro,46.232179226,6342197,725,2,0,0,2,15.056888640286758
BG,Cassiglio,47.692307692,1341329,111,1,0,10,2,1.191810505607288
CO,Cassina Rizzardi,63.415772282,56427965,3294,4,0,1,1,86.33911107594778
LC,Cassina Valsassina,64.576802508,8553720,529,4,0,23,3,14.45416556771937
VR,Castagnaro,65.92750533,45472392,3587,1,1,1,0,21.280034851159723
AV,Castel Baronia,52.197070573,9753035,1069,0,0,0,0,8.424472212114093
CR,Castel Gabbiano,59.595959596,5704756,458,0,0,2,0,4.58696059975023
CE,Castel Morrone,46.671949287,32344947,3627,3,0,0,0,91.23012811329278
BG,Castel Rozzone,67.954911433,40494549,2773,0,0,0,0,21.853191248075195
PD,Castelbaldo,63.712200209,17057591,1430,6,0,1,0,37.0091170011498
CB,Castelbottaccio,48.0,2496933,251,0,0,0,0,1.9780566185599977
BS,Castelcovati,67.182372246,72378341,6785,10,2,0,0,172.45706263521842
RO,Castelguglielmo,70.054054054,20367862,1514,0,0,1,0,9.523761828646347
CH,Castelguidone,52.0,3282627,304,0,0,0,0,2.3957339125188817
AL,Castellar Guidobono,75.213675214,6285407,398,1,0,1,0,2.3799949844983006
NO,Castellazzo Novarese,57.894736842,3919008,316,1,0,0,0,3.230514087572752
BI,Castelletto Cervo,63.148148148,10117469,796,1,1,3,1,7.103521330192371
CB,Castellino del Biferno,35.91954023,3567179,444,0,0,0,0,3.4990324248631035
SO,Castello dell'Acqua,61.055276382,7926945,615,1,0,2,11,7.613579034272541
LC,Castello di Brianza,68.029528677,44155752,2602,1,0,8,0,22.343005363604423
PV,Castelnovetto,55.90778098,7628694,525,0,0,0,0,4.137369421290832
CO,Castelnuovo Bozzente,53.289473684,11384347,903,1,0,1,0,5.399837866839109
CN,Castelnuovo di Ceva,55.072463768,1504468,102,0,0,5,0,0.9565701101493227
VA,Castelseprio,67.995169082,22685109,1309,2,0,1,1,27.63501349935314
AL,Castelspina,62.173913043,5693968,392,0,0,0,1,3.3651744107116013
AQ,Castelvecchio Calvisio,45.882352941,1335672,124,1,0,8,0,1.0647704323931393
IS,Castelverrino,46.153846154,1114341,100,0,0,0,0,0.7880703659601584
CR,Castelvisconti,55.555555556,3798817,295,0,0,2,0,2.9544833557343186
LO,Castiglione d'Adda,68.352365416,70865945,4495,1,1,8,3,52.16641371684045
LO,Castiraga Vidardo,71.183800623,46144220,2952,1,0,1,0,17.65262611617835
LE,Castri di Lecce,54.157894737,26903582,2789,10,0,0,2,71.59583038261353
CS,Castrolibero,53.717560898,112076730,9296,0,1,0,0,70.46919059587344
PA,Castronovo di Sicilia,47.232670607,23932998,2865,1,1,3,0,24.62856000748672
PZ,Castronuovo di Sant'Andrea,61.101549053,9295389,929,0,0,18,0,8.712290513026675
NO,Cavaglietto,72.246696035,5621872,381,2,0,0,0,7.748155592136893
NO,Cavaglio d'Agogna,69.373219373,17511763,1165,0,0,1,0,7.328390046481502
CN,Cavallerleone,56.182212581,8242553,673,1,0,0,2,7.914609367164921
VA,Cavaria con Premezzo,66.675420168,86170638,5638,9,2,12,2,153.89220451548212
LO,Cavenago d'Adda,64.429065744,30982122,2098,9,0,38,0,55.78347940604712
VA,Cazzago Brabbia,67.935871743,11806046,802,2,0,5,1,12.12112072383444
BG,Cazzano Sant'Andrea,65.867158672,25321337,1640,0,0,3,0,15.380146869067541
BS,Cedegolo,67.767503303,15302264,1098,1,0,2,2,11.99887342238787
PA,Cefalà Diana,47.538461538,7497164,987,2,0,0,0,20.0719936205751
CR,Cella Dati,58.333333333,7493060,486,0,0,0,0,3.83002197856637
BS,Cellatica,67.332896461,93160251,4862,5,2,9,8,132.65785206164074
AT,Celle Enomondo,58.661417323,6425307,452,0,1,0,0,3.4264279420540875
SA,Celle di Bulgheria,49.71842317,15360849,1773,13,1,0,8,45.318120440425375
CZ,Cenadi,52.136752137,3983068,507,0,0,7,0,4.754716135742221
BG,Cenate Sotto,65.610328638,74744906,3928,0,0,2,0,39.33969702143865
RO,Ceneselli,64.831804281,21197454,1552,0,0,0,0,12.230852079701659
PV,Ceranova,68.500327439,32529293,2283,0,0,0,1,19.598707090955575
SO,Cercino,64.344262295,9833107,782,0,0,2,0,7.8318846921499565
KR,Cerenzia,45.621468927,10594337,1035,0,0,0,0,8.15652828768764
BG,Cerete,62.626262626,20376181,1597,0,2,5,16,16.916376506876187
PV,Ceretto Lomellina,49.180327869,2134658,178,1,0,1,0,1.0644198674389385
AT,Cerreto d'Asti,51.162790698,2504018,222,0,0,1,0,1.396482910144973
AT,Cerro Tanaro,61.813186813,8755590,588,1,0,5,0,5.0490726955416605
MI,Cerro al Lambro,70.915233415,94753777,5090,6,0,3,1,137.36709512738446
IS,Cerro al Volturno,46.083550914,11729615,1155,0,0,0,0,9.10221272683983
PZ,Cersosimo,53.684210526,5786112,541,2,0,11,1,8.176466722686325
CZ,Cerva,47.035573123,8310266,1106,1,0,0,0,11.306799306504633
VC,Cervatto,41.463414634,616017,50,1,0,3,0,0.42934291628755616
CS,Cerzeto,45.738295318,8670203,1228,0,0,0,0,9.677504093990745
CE,Cesa,47.647152656,72113452,9444,0,0,0,0,74.42536536127736
AV,Chianche,55.263157895,4794524,468,0,0,0,0,3.6881693126935415
IS,Chiauci,49.645390071,2514011,206,0,0,0,0,1.6234249538779264
BG,Chignolo d'Isola,67.09900562,45359579,3364,0,0,3,0,31.548057358258056
AT,Chiusano d'Asti,58.646616541,3452205,250,1,0,2,0,2.0164850783318533
AV,Chiusano di San Domenico,49.344375431,19940283,2110,0,0,0,1,18.11356634337112
TO,Ciconio,69.294605809,5169974,364,1,0,1,0,2.176678830043672
PV,Cilavegna,64.933597061,78183111,5308,0,0,0,1,45.56720860218668
TN,Cimone,70.194384449,10498358,722,2,0,2,1,15.051125026063797
SO,Cino,63.106796117,4085902,333,1,0,1,0,1.9913023362762163
CE,Ciorlano,43.333333333,3365239,372,0,0,0,0,2.9316217613717894
MT,Cirigliano,50.900900901,2955543,290,1,0,2,0,2.33912269086495
VC,Civiasco,63.01369863,3358117,234,2,1,0,0,4.748716814087057
BG,Cividate al Piano,66.152450091,69730045,5036,1,0,2,0,40.62007541791685
AQ,Civita d'Antino,50.778816199,10171129,918,3,0,0,0,23.090503889716786
CB,Civitacampomarano,31.308411215,3013441,314,1,0,0,1,2.896230499479919
CH,Civitaluparella,50.5,2718388,292,0,0,1,0,1.8368153592897842
AQ,Collarmele,53.817504655,10311441,814,0,0,0,0,6.414892778915689
RI,Colle di Tora,53.846153846,3837746,362,1,0,4,0,3.1084427139219066
BS,Collebeato,67.070217918,88408705,4479,16,2,16,6,122.20784026822066
CH,Colledimacine,62.068965517,2201929,161,0,0,1,0,1.012764633033066
RI,Collegiove,46.296296296,2277010,130,0,0,7,0,1.2191579835236466
AQ,Collepietro,39.259259259,1615204,200,0,0,8,1,2.0131290733193197
CO,Colonno,60.0,5631257,447,0,0,3,1,4.4993434788686795
MI,Colturano,72.937062937,33935867,2041,5,0,1,1,53.49669875713705
BG,Colzate,66.158245949,25013673,1620,4,2,5,3,44.20109426981859
LO,Comazzo,70.018738289,33212261,2259,1,0,8,1,20.120879268888697
BS,Comezzano-Cizzago,65.354330709,45745789,4029,6,0,0,4,103.73335905338993
,Comiziano,50.950226244,17520212,1698,0,1,0,0,12.871846561079293
IS,Conca Casale,46.601941748,1670003,175,0,0,0,0,1.3791231404302773
ME,Condrò,54.513888889,3778176,464,1,0,0,0,4.743539672891636
PV,Confienza,57.405614714,21539706,1545,1,0,0,0,15.794760333227538
AL,Coniolo,64.539007092,7092249,445,0,0,2,1,4.836000135062557
PV,Copiano,75.771749298,25622429,1708,1,0,0,0,17.461133106247658
PV,Corana,66.46090535,11564691,765,0,1,3,0,7.191943602521986
FR,Coreno Ausonio,53.532338308,15447713,1545,0,0,0,0,12.175687154084448
BG,Cornalba,61.363636364,3817891,297,1,0,19,1,2.6453745652323786
LO,Corno Giovine,67.932489451,17421336,1139,4,0,1,1,29.854355651337137
LO,Cornovecchio,57.364341085,3043468,207,0,0,0,0,1.631305657537528
MB,Correzzana,68.138484696,62716518,3114,0,0,13,1,31.344419671581807
AT,Corsione,58.4,2572830,192,0,0,3,0,1.800602560281078
BG,Cortenuova,63.511450382,25004258,1953,0,0,0,0,15.391014247201895
RC,Cosoleto,58.082706767,6950853,795,0,0,11,0,7.455619976163838
PV,Costa de' Nobili,66.094420601,6195313,380,0,0,2,0,3.8057751700984443
BG,Costa di Mezzate,66.431718062,46445577,3317,1,0,2,0,26.75472401930703
RO,Costa di Rovigo,67.344345616,33801718,2448,2,0,0,0,49.7834249069583
VC,Costanzana,64.418604651,11241053,761,0,0,0,0,5.997215484956806
IM,Costarainera,53.21969697,10079554,777,0,1,0,0,5.890120599504482
BG,Covo,63.187855787,53153776,4218,2,0,0,1,83.9185793877481
PV,Cozzo,49.173553719,4302682,355,0,0,0,0,2.7976497991585623
MT,Craco,47.536945813,4589974,644,0,0,32,0,6.039521087609449
CR,Credera Rubbiano,63.564356436,24587741,1551,5,0,6,0,41.23935965623407
VA,Cremenaga,27.663551402,4344176,775,0,0,4,1,7.800875159112364
CR,Cremosano,64.789915966,26287223,1725,1,0,0,0,17.634926585642397
LO,Crespiatica,67.783505155,30044155,2192,5,0,2,0,55.71107188299331
NO,Cressa,66.12244898,25356933,1604,5,1,0,4,40.99845752196408
,Crispano,37.653320991,72148842,11884,1,1,0,1,113.3572669101922
CS,Cropalati,66.317365269,8798946,1017,3,0,3,1,27.446431383998036
VA,Crosio della Valle,64.041994751,11327316,601,2,0,3,0,9.101084741188162
CR,Crotta d'Adda,68.337730871,9106193,620,2,0,4,3,8.8193199811366
VC,Crova,50.0,5207783,372,1,0,1,0,2.224517925209467
CO,Cucciago,63.887630267,53308480,3442,2,0,4,0,52.12301776900108
VA,Cugliate-Fabiasco,34.791059281,19042699,3070,1,0,6,1,27.34444415913603
CR,Cumignano sul Naviglio,55.670103093,5316592,408,0,0,1,0,2.5665091321583287
PV,Cura Carpignano,72.009359462,75579611,4915,1,0,0,1,45.33430861447071
VA,Cuveglio,51.769509982,38555611,3246,3,0,4,2,88.10642745278584
MI,Dairago,71.315028902,102786788,6372,2,3,3,0,93.51713918333179
TN,Dambel,77.037037037,4998528,416,1,1,5,0,3.5760841057991186
VV,Dasà,56.486486486,9405127,1113,0,0,3,0,10.437867966629375
GE,Davagna,61.031276416,26323211,1857,3,1,1,2,49.29960249887362
CL,Delia,49.981771783,27683899,3903,0,0,0,0,30.758386383424984
AL,Denice,54.736842105,2537834,171,1,0,0,0,1.7481579397941158
CR,Derovere,59.217877095,4540418,286,0,0,0,2,2.503175951400676
VV,Dinami,53.789731051,11771312,1828,4,0,7,0,48.6044806264319
NO,Divignano,60.956618465,17423277,1433,3,2,2,0,36.71311167249257
CH,Dogliola,50.234741784,3058651,311,1,0,1,0,1.8597448245702801
LC,Dolzago,72.673031026,40752771,2518,3,0,3,0,66.95081084100413
AV,Domicella,53.274760383,14543090,1838,0,0,0,0,14.484733326347712
VA,Duno,48.958333333,2051380,144,0,0,1,2,1.0955117833222445
AT,Dusino San Michele,64.142857143,14944506,1088,2,0,0,0,22.125966625314803
LC,Ello,65.306122449,24107847,1207,0,0,4,0,11.319412970100318
VR,Erbè,68.949044586,23570642,1886,0,0,0,1,16.190609537250204
LC,Erve,63.010752688,10340012,686,1,1,2,0,5.536193913620622
VV,Fabrizia,49.11284599,13538704,2003,0,0,16,0,18.784411084598954
SO,Faedo Valtellino,71.594202899,6972509,503,0,0,4,0,4.717203582403032
AQ,Fagnano Alto,60.606060606,4841570,375,1,0,12,2,4.026386843267865
CS,Falconara Albanese,40.310880829,10449748,1427,1,0,0,0,14.58842912331113
VT,Faleria,52.78551532,22864250,1997,3,0,18,1,53.89432003327835
CO,Faloppio,47.1197411,47395315,4831,1,0,4,1,43.02964486409973
FR,Falvaterra,51.183431953,5995851,516,1,0,1,0,3.0856216381937767
CN,Faule,64.353312303,6148958,464,0,0,0,0,3.656646498055135
GE,Favale di Malvaro,46.953405018,4530916,433,2,0,0,0,8.805646644082087
TO,Favria,62.938331318,69664229,5115,6,1,0,6,130.74009365638793
AL,Felizzano,60.057678443,31550714,2131,1,0,0,0,21.785523799422577
CO,Fenegrò,63.593155894,51309556,3230,8,1,0,0,81.5518176140954
RC,Feroleto della Chiesa,49.905838041,11213831,1520,0,0,0,0,11.978669562594408
VA,Ferrera di Varese,42.95010846,6008197,700,1,0,6,0,6.010800828025786
CR,Fiesco,68.62745098,17747570,1200,0,0,1,0,7.548556271053908
BS,Fiesse,60.912547529,23893196,2003,0,0,0,0,15.785049430181974
CS,Figline Vegliaturo,55.654383736,11160593,1113,1,0,0,0,11.378361327431877
RM,Filacciano,58.633093525,5333998,472,1,0,0,0,4.82532483966563
PV,Filighera,65.406427221,11914982,815,2,0,0,0,16.57413860260254
TO,Fiorano Canavese,63.901345291,11364018,735,0,0,2,2,8.433430557679852
BG,Fiorano al Serio,64.800861141,42639710,2961,1,0,10,0,25.425687502549074
RC,Fiumara,46.354166667,6893874,849,1,0,3,0,7.290242718562704
ME,Fondachelli-Fantina,61.160714286,9046826,943,0,1,0,0,7.148499003002223
TN,Fornace,65.330444204,18917516,1313,2,2,21,11,18.674991908515732
BG,Fornovo San Giovanni,66.826923077,49311932,3386,10,3,2,3,80.72368565771815
CB,Fossalto,44.174135723,10392024,1178,0,0,0,0,9.283468911010667
AL,Frascaro,69.444444444,6512757,449,0,0,0,2,3.929811196429733
,Frattaminore,38.131985098,104532433,15580,2,3,0,1,292.392192669675
ME,Frazzanò,64.824120603,5566119,594,0,1,0,0,4.502872118540106
CH,Fresagrandinaria,55.498281787,9154085,899,0,0,0,0,7.084752589981824
AL,Fresonara,69.320843091,10058353,623,0,0,0,0,4.909678379931787
CE,Frignano,41.697595611,58537427,9010,1,0,0,0,92.11054407921043
AT,Frinco,58.947368421,9401065,762,1,0,4,0,6.543186044222356
CR,Gabbioneta-Binanuova,69.024856597,11968686,859,0,0,1,0,5.403508197362756
LO,Galgagnano,72.737430168,21165185,1310,4,0,2,0,33.29448182788377
VA,Galliate Lombardo,67.44913928,23161633,989,3,2,6,0,26.454564663626808
PV,Galliavola,52.032520325,2113195,171,0,0,1,0,1.0756692686251819
ME,Gallodoro,55.870445344,2894113,336,3,0,0,1,8.545816531962544
AL,Gamalero,61.284046693,12240257,817,0,0,0,0,6.438534889894495
PV,Gambarana,45.528455285,2682326,200,0,0,1,0,1.258092711842318
NO,Garbagna Novarese,68.329718004,22947626,1405,0,0,0,0,11.072388641740226
TO,Garzigliana,62.280701754,7159750,530,1,0,0,0,5.418267298777084
CR,Genivolta,64.148351648,15502581,1127,2,0,3,0,17.066426794208084
CN,Genola,65.878178593,35421637,2587,0,0,1,0,16.27342922768038
PV,Gerenzago,66.700610998,19663133,1424,0,0,0,0,11.222122011272656
VV,Gerocarne,53.601108033,14746202,1936,5,0,10,0,51.47608013827799
CR,Gerre de' Caprioli,71.537622683,22024066,1306,2,0,0,2,27.123167674778628
VC,Ghislarengo,56.356736243,9130516,816,2,0,1,0,17.334258751012005
PA,Giardinello,45.032679739,16333838,2293,2,0,0,0,46.63128811750629
BI,Gifflenga,56.338028169,1827985,104,0,0,0,0,0.8195931805985648
PZ,Ginestra,54.485776805,6435416,709,0,0,0,0,5.587418894657524
BN,Ginestra degli Schiavoni,44.912280702,3316466,417,0,0,0,0,3.286253426053861
PA,Giuliana,52.266666667,16227209,1731,0,0,1,0,10.888792420995262
CH,Giuliano Teatino,52.837837838,11339909,1135,2,0,32,0,17.18757268094603
CR,Gombito,58.722358722,8013391,617,1,1,2,1,5.335017196702887
RM,Gorga,58.123569794,9367924,689,1,0,2,1,5.9496024807545345
AQ,Goriano Sicoli,59.940652819,6456086,510,2,0,0,1,10.146627664236966
BG,Gorlago,68.910540301,78842504,5119,1,0,2,0,41.289548463923026
BG,Gorno,63.448275862,21547030,1498,0,1,31,2,14.819757705866186
CE,Grazzanise,46.656916005,56151148,6741,0,0,1,0,42.404014852645325
AV,Greci,49.002849003,6356723,591,0,0,0,0,4.657495862824536
VC,Greggio,58.064516129,4057127,328,1,0,6,1,2.9214911023441754
CE,Gricignano di Aversa,46.314084018,90044533,12628,12,2,0,0,320.9709339657388
CR,Grontardo,67.564655172,21556762,1489,1,0,0,0,15.222264165809582
TO,Grosso,60.458015267,14582260,987,3,0,6,0,26.243228872148954
CR,Grumello Cremonese ed Uniti,64.637421665,25017800,1692,5,1,0,1,43.16425718388889
,Grumo Nevano,38.322966314,121043848,17203,9,7,0,3,386.6711285793746
AL,Guazzora,70.414201183,3748508,292,0,0,0,1,2.506711550836193
VB,Gurro,23.728813559,1060087,190,1,0,5,1,1.6923271629432723
SS,Illorai,47.52851711,7931667,763,1,0,0,0,7.800260281069651
LC,Imbersago,70.261646458,48761873,2480,3,0,5,16,67.76243971255963
VA,Inarzo,68.208092486,16825046,1061,1,1,6,3,12.313362614809282
TO,Ingria,56.52173913,564167,42,0,0,0,0,0.33098955370326655
BS,Irma,60.49382716,1793514,136,1,1,2,8,1.5140832017689227
VR,Isola Rizza,67.030360531,41425722,3230,10,0,0,0,81.24436553789239
TO,Issiglio,54.21686747,5454393,409,2,0,8,0,6.193583459477468
BG,Isso,63.474387528,8439683,622,6,0,0,0,15.645199803272156
CR,Izano,66.287878788,30463653,1949,4,2,1,2,52.092394114494496
VA,Jerago con Orago,68.75,84495047,5273,5,0,10,4,144.07715508238988
SS,Laerru,53.287197232,7525111,859,0,0,0,1,7.374195966329759
RC,Laganadi,40.077821012,2872050,352,0,0,2,0,3.5253496312490853
CO,Laino,48.742138365,4878589,544,0,0,3,4,7.0871718791307075
CO,Lambrugo,68.321078431,42972054,2523,1,0,17,0,21.664643555870086
VC,Lamporo,56.012658228,5879947,506,1,0,1,0,3.025822769236533
NO,Landiona,66.666666667,9822478,537,1,0,1,0,3.2111992630039885
PV,Langosco,61.574074074,5081367,382,2,0,1,1,8.064610509360504
PV,Lardirago,71.929824561,17757346,1138,0,0,0,0,8.968240764626604
TO,Lauriano,63.576881134,20289858,1401,2,0,1,1,29.577275716267188
AQ,Lecce nei Marsi,57.448706512,16038699,1543,0,0,0,0,12.159925746765245
VC,Lenta,65.510597303,12490016,795,0,0,1,1,5.254182974217755
CH,Lettopalena,62.801932367,4090559,320,0,0,12,0,3.00100426713513
VC,Lignana,65.0,8121897,529,4,0,0,6,13.619991794302129
CO,Limido Comasco,68.080185042,56484039,3864,2,0,1,0,82.0828134974392
ME,Limina,43.376068376,4700089,738,3,3,0,1,16.361539459830126
PV,Lirio,76.923076923,1360497,134,0,0,0,0,1.0560142903866123
CH,Liscia,51.127819549,5653974,648,0,0,0,1,5.562839331992647
CN,Lisio,54.205607477,2274354,191,0,0,5,4,2.4883268913859653
LO,Livraga,69.488313329,37335465,2423,6,0,1,0,62.70845489075941
CO,Locate Varesino,64.890954594,65086348,4303,0,1,2,0,43.04554277002998
BG,Locatello,49.21875,7921110,823,0,0,29,1,8.284026136709
TO,Lombardore,63.944954128,24304283,1670,1,0,8,0,14.340053404004376
TO,Lombriasco,62.518518519,15834966,1090,0,0,0,1,9.357245172641953
VA,Lonate Ceppino,65.71076164,71688835,5033,2,1,2,2,109.76767562856179
IS,Longano,47.482014388,5572263,637,0,0,0,0,5.0200082311662095
BS,Longhena,59.05511811,8224893,560,0,0,0,1,4.8073920153022875
TO,Loranzè,69.870875179,17629586,1149,3,0,2,0,29.202564595601878
BS,Losine,70.263157895,9049118,625,0,0,2,1,6.792135021155277
AG,Lucca Sicula,56.363636364,14609718,1733,0,1,0,0,13.13716730880472
GE,Lumarzo,57.935627081,18354781,1433,0,1,6,1,14.162218380618821
BG,Lurano,71.459814106,42229268,2811,4,0,0,2,72.16058773952192
TO,Lusigliè,67.777777778,7426643,541,2,0,2,0,11.404584872792487
VA,Luvinate,64.219114219,29050262,1310,1,1,8,4,15.203115009802223
BG,Luzzana,62.778730703,12681278,881,0,0,4,1,8.867833567971603
LO,Maccastorna,100.0,1337854,63,1,0,1,0,0.3767328744306355
TO,Macello,58.457374831,15721606,1155,0,0,0,0,9.10221272683983
BS,Maclodio,63.487179487,18841329,1483,2,0,0,0,30.158831346821554
CR,Madignano,69.255150555,46057775,2760,5,2,2,0,70.71052911101151
BG,Madone,65.003589375,54484942,4025,2,1,3,2,62.41613830155349
PV,Magherno,61.353517364,24680813,1754,0,0,3,0,16.449254639234432
CZ,Magisano,53.058510638,9496836,1111,0,1,1,0,6.878618959970121
MN,Magnacavallo,68.070953437,19378140,1428,2,0,0,0,29.040331195725678
BS,Mairano,68.915977362,46906973,3492,4,3,0,1,77.41801598065962
CR,Malagnino,76.160714286,29418420,1719,3,0,0,0,43.238100420940256
ME,Malvagna,52.803738318,5621053,639,2,1,0,0,12.967649761545426
AL,Malvicino,54.347826087,1267935,79,0,0,2,0,0.7912006274678345
NO,Mandello Vitta,62.251655629,3739409,228,0,0,0,0,1.7968004343891613
RM,Marano Equo,64.859002169,10853762,784,1,0,6,4,10.300596183591797
CS,Marano Principato,52.025489304,26119086,3063,0,0,0,0,24.138595309359655
MI,Marcallo con Casone,68.048094142,108570275,6186,7,1,0,1,157.80974878223208
CZ,Marcedusa,51.2,2694159,395,0,0,0,0,3.1128779455426256
RM,Marcellina,55.063795853,70069274,7090,20,4,2,5,169.0286270860076
RI,Marcetelli,55.263157895,923837,69,0,0,5,0,0.6470915451010124
PV,Marcignago,69.047619048,36730050,2426,0,0,0,0,19.118587078193443
CN,Margarita,66.220735786,20695257,1429,2,0,0,0,29.06066756210924
MN,Mariana Mantovana,71.714922049,9399751,804,0,0,0,0,6.336085742319674
CL,Marianopoli,43.224092117,12161896,1642,1,0,0,0,16.786405480362212
CR,Martignana di Po,68.155197657,27327144,2045,0,0,2,0,20.48107953381926
CZ,Martirano Lombardo,53.144654088,9063375,980,2,2,1,3,18.788549854713636
RC,Martone,41.86746988,3292059,503,0,0,2,0,5.037644501472414
PV,Marzano,64.643799472,23133253,1684,0,0,1,0,10.593140633712316
AV,Marzano di Nola,54.784899034,14861731,1624,0,0,1,0,10.215712820159622
CS,Marzi,52.396166134,8322521,964,1,0,0,0,9.855112596266244
PZ,Maschito,52.965235174,12648235,1506,0,0,0,0,11.868339711359987
VA,Masciago Primo,49.275362319,3395738,303,0,0,2,0,3.034604938262707
FM,Massa Fermana,59.674502712,9556325,878,0,0,0,0,6.919257813130191
,Massa di Somma,36.533333333,36741700,5056,0,0,2,2,58.012822992692975
TN,Massimeno,62.222222222,1935557,144,1,0,10,0,1.2365075989081618
SV,Massimino,49.019607843,1265518,97,1,0,2,0,0.7823962103927591
VB,Massiola,62.337662338,1364786,117,0,0,5,0,1.097242185171282
TO,Mathi,63.628691983,58357340,3777,4,1,3,0,100.61222921878044
CB,Matrice,44.677871148,8989752,1056,2,0,1,1,22.293792402839507
ME,Mazzarrà Sant'Andrea,52.476290832,10207474,1400,2,1,0,1,27.796737423495177
RC,Melicucco,56.691505216,31790668,4889,0,0,0,0,38.528760191792145
RC,Melicuccà,56.586270872,6709250,854,2,1,3,0,12.94816694063676
AV,Melito Irpino,49.504132231,12641674,1797,0,0,0,0,14.161624476304047
VA,Mercallo,63.756613757,29022596,1797,3,0,15,0,47.7802252109946
TO,Mercenasco,67.490247074,17320102,1291,2,0,1,0,27.42466672494669
VA,Mesenzana,47.342026078,14723964,1656,5,1,3,0,44.11274863285688
MB,Mezzago,67.085514834,65538085,4470,4,0,3,0,118.85231312918523
PV,Mezzana Rabattone,60.137457045,6658655,467,0,0,1,0,2.9376464821518127
LE,Miggiano,50.223214286,31682375,3296,3,0,0,1,83.83039074210876
ME,Militello Rosmarino,54.783748362,11398633,1174,0,2,1,0,7.17960318001011
BS,Milzano,65.243381725,21724490,1723,2,0,0,0,35.03955927887629
AL,Mirabello Monferrato,59.725685786,18071612,1211,2,1,1,0,25.6067480766209
IS,Miranda,49.840764331,9398681,957,0,0,0,0,7.541833402238717
AL,Molare,63.496932515,30407068,2013,7,0,3,0,53.52342423468677
AL,Molino dei Torti,73.214285714,8241869,565,0,0,0,0,4.4525975676748955
CB,Molise,47.422680412,1467483,158,0,0,0,0,1.2451511782170503
TO,Mombello di Torino,55.555555556,5640217,387,0,0,0,0,3.049832316265813
CB,Monacilioni,45.357142857,3518743,479,0,0,3,0,4.492128262367897
CN,Monastero di Vasco,65.939393939,18926365,1259,0,1,12,0,11.836152935392393
CN,Monasterolo Casotto,44.444444444,811474,80,0,0,3,0,0.7502510667837825
CN,Monasterolo di Savigliano,64.719101124,19230824,1335,0,0,0,0,10.520739385568115
ME,Mongiuffi Melia,54.404145078,4472535,537,1,0,0,1,4.953107573951327
AT,Montaldo Scarampi,55.429864253,10034542,699,0,0,0,0,5.508611858061507
LO,Montanaso Lombardo,73.324022346,41321060,2234,4,0,6,0,59.39956768022367
CN,Montanera,61.167002012,10430659,714,0,0,0,0,5.626822412955532
LC,Monte Marenzo,63.700234192,30130611,1868,1,0,1,0,11.17042872121313
CH,Montebello sul Sangro,43.243243243,694132,74,0,0,0,0,0.5831720708105173
AL,Montecastello,58.291457286,4087914,290,0,0,0,0,2.2854040612844595
RM,Monteflavio,61.037394451,16623425,1195,5,0,22,2,32.43597683489805
AL,Montegioco,54.591836735,3647326,284,3,0,6,0,7.551243160780449
CH,Montelapiano,58.974358974,796123,77,0,0,0,0,0.606814181789322
BG,Montello,68.857660925,42952996,3176,3,0,1,4,84.15512179373073
CB,Montelongo,43.689320388,3039930,315,0,0,0,0,2.482421652774499
TA,Montemesola,49.576100121,37393935,3608,0,0,0,0,28.433578803842515
PZ,Montemilone,49.799599198,12296450,1402,6,1,3,0,37.346662791826894
TA,Monteparano,52.460106383,24031741,2315,0,0,0,0,18.243828971977667
PV,Montescano,75.471698113,6433874,416,0,0,0,0,3.278372722394259
TO,Monteu da Po,56.785714286,11090481,858,0,0,1,0,5.397217733803544
PV,Monticelli Pavese,51.224944321,8395780,631,3,1,3,1,17.051726229002785
CR,Montodine,65.849172287,35934786,2441,9,0,3,0,64.90346674459533
OR,Montresta,40.671641791,3779723,440,0,0,0,0,3.467509610224697
AL,Morano sul Po,60.523321957,18580957,1319,2,2,1,0,28.437125826397523
GO,Moraro,69.300225734,10959170,695,0,0,0,1,5.966316876134089
BG,Morengo,63.198573127,35164413,2488,0,0,1,2,18.92800914517878
BG,Mornico al Serio,61.822011585,37707321,2914,2,0,0,0,59.260171641697916
LC,Morterone,22.727272727,422024,31,0,0,35,16,0.40386457399458076
AV,Moschiano,51.024042743,11318009,1553,0,0,1,0,9.7690899074556
MI,Motta Visconti,65.659500291,121826766,8120,20,3,4,1,192.72124732060956
CN,Murello,59.245960503,11090081,937,3,1,0,0,23.657601580311884
VV,Nardodipace,51.344086022,7766593,1115,0,0,10,0,10.456624243298968
BS,Nave,66.881258941,164854356,10640,21,2,60,14,290.3084216239937
RM,Nazzano,55.093099671,14865363,1367,4,1,2,0,34.80904836988264
RI,Nespolo,48.611111111,2415638,191,2,0,5,0,2.8923580458684506
NO,Nibbiola,64.30020284,12782206,825,0,0,0,0,6.501580519171307
PV,Nicorvo,50.828729282,3457833,277,2,0,0,0,5.633173488246507
TO,Nole,64.973690231,101125909,6803,8,0,4,1,183.5969249806673
TN,Nomi,74.559193955,20227612,1302,2,2,3,7,18.518537292374322
NU,Noragugume,44.502617801,2219139,286,0,0,0,0,2.253881246646053
MI,Nosate,58.018867925,10582719,636,5,1,11,1,17.186842918614538
SS,Nule,36.944127708,9847120,1293,0,0,0,0,10.189749831864848
BI,Occhieppo Inferiore,68.9958159,58501083,3753,9,2,0,5,96.02639044091102
BS,Offlaga,62.612951807,53771022,4117,2,0,1,0,87.45728342881915
TO,Oglianico,65.360169492,23072655,1455,1,0,0,1,13.420431136125101
VC,Olcenengo,63.492063492,10276902,787,1,0,0,0,8.045615781391632
VC,Oldenico,58.73015873,3564973,217,1,0,6,2,2.329935853304338
LC,Olginate,69.93404594,108246955,6938,8,1,4,2,188.5704653424499
MT,Oliveto Lucano,55.411255411,3507891,366,0,0,10,6,4.768207551032792
CR,Olmeneta,63.268608414,13472638,905,1,0,0,0,9.25194699130804
BG,Olmo al Brembo,66.044776119,6048145,486,3,0,9,2,13.191535348753519
FG,Ordona,71.368198627,23999406,2820,0,0,0,0,22.22358432007647
VI,Orgiano,64.110429448,46342106,3012,4,1,4,0,80.23405729599331
VA,Origgio,72.296355308,142809333,7939,16,2,2,1,205.9436403961753
TO,Orio Canavese,60.810810811,11997879,756,2,1,2,0,15.90195588009355
LO,Orio Litta,66.486486486,28566559,2004,6,0,3,1,54.08323352363035
AQ,Ortucchio,58.151700087,19333478,1774,5,0,1,3,47.00604095153599
NU,Orune,38.896189225,16674834,2177,0,0,0,0,17.15629186695265
TO,Osasio,62.931034483,13841627,936,0,1,0,1,8.162174629611597
LC,Osnago,69.092721834,84080554,4742,4,0,7,1,127.97539589274207
BS,Ospitaletto,66.466383508,200301648,14663,8,1,1,0,381.145879291789
CR,Ostiano,61.933369743,36255098,2699,1,0,1,2,23.114064411821953
TO,Ozegna,66.059817945,18217902,1176,2,0,1,2,25.929874948964645
AL,Paderna,62.831858407,3579412,198,1,0,2,0,1.5970561820388278
LC,Paderno d'Adda,68.670756646,63684536,3846,3,1,10,1,103.9317576493577
BG,Pagazzano,66.189759036,29454740,2098,1,0,1,3,24.924036556448236
LC,Pagnona,56.578947368,3764155,328,2,0,2,1,6.837630205746434
CR,Palazzo Pignano,68.102073365,56822622,3777,1,0,0,0,38.61282186317179
KR,Pallagorio,56.609642302,8852676,1019,0,0,0,0,8.030437029134015
VB,Pallanzeno,61.66180758,14711294,1102,2,0,6,1,16.655205782625377
TO,Pancalieri,61.813842482,26698579,1992,0,0,0,0,15.698361689926356
PV,Pancarana,61.025641026,4365578,315,2,0,1,1,6.650136938347012
MI,Pantigliate,69.516920692,95774070,5796,7,1,0,0,146.33880337191854
CE,Parete,53.633774916,93091368,12192,4,0,0,0,306.6660385876111
AV,Parolise,54.588235294,6312923,638,0,0,0,0,5.0278889348258105
PZ,Paterno,53.971962617,28444485,3069,0,0,8,1,30.89146563008496
BS,Pavone del Mella,62.277777778,37267208,2706,2,0,0,0,55.03020743391715
RC,Pazzano,60.215053763,4329891,498,3,1,5,0,13.265790349735944
AL,Pecetto di Valenza,55.630936228,16393421,1166,1,0,0,1,10.754792236922246
VI,Pedemonte,64.87804878,9347771,700,1,0,2,1,6.044588877399382
SO,Pedesina,73.684210526,514050,35,0,0,2,0,0.3505319235616988
BG,Pedrengo,69.263315082,94099298,5883,3,0,4,4,160.7445293665275
BG,Peia,63.327370304,22650806,1720,0,0,3,0,16.130397935851324
CZ,Pentone,49.097744361,17029110,1934,0,0,0,0,15.241280877669464
CN,Perlo,51.470588235,1197508,108,0,0,3,0,1.0128389401581064
VC,Pertengo,60.962566845,4148938,305,0,0,0,1,2.618311722619996
TO,Pertusio,61.680327869,11200990,752,0,0,0,0,5.9262891520203915
MI,Pessano con Bornago,70.088264139,153494031,8983,8,2,3,10,245.09779618875334
CB,Petrella Tifernina,50.766871166,11029465,1044,1,2,0,1,9.669756690820916
AV,Petruro Irpino,39.896373057,2300577,298,0,0,0,0,2.348449690561272
ME,Pettineo,47.85202864,10108145,1235,0,0,0,0,9.732669019607957
IS,Pettoranello del Molise,62.886597938,3809730,449,1,0,0,0,4.590192485190398
RO,Pettorazza Grimani,66.497975709,19683234,1483,0,0,0,0,11.68708352718915
VC,Pezzana,65.088757396,19288339,1271,6,3,1,0,29.525282720270223
PD,Piacenza d'Adige,65.525982256,15280511,1231,1,0,2,0,9.929172525706045
CR,Pianengo,66.70694864,38604522,2528,0,0,1,0,15.9022918776869
CR,Pieranica,66.155988858,15972295,1120,2,0,0,1,22.28279016459883
CS,Pietrafitta,46.516853933,9559427,1166,3,0,2,0,29.63463039031487
PV,Pieve Albignola,63.157894737,11803691,836,0,0,3,0,7.840123647890527
CR,Pieve San Giacomo,69.215086646,21192518,1585,1,0,0,0,16.203686167097505
CR,Pieve d'Olmi,68.58190709,17969220,1233,0,0,0,2,10.791664154115502
FR,Pignataro Interamna,52.326283988,22639466,2447,1,0,1,0,14.632783233837541
CE,Pignataro Maggiore,54.114329659,62730728,5761,4,0,0,1,146.52514595427445
AT,Pino d'Asti,60.526315789,2487911,205,0,0,2,0,2.0531155522899502
PV,Pizzale,71.621621622,10828327,691,1,0,0,1,6.3735518316580375
CS,Plataci,63.741339492,5241738,675,0,0,1,0,4.246062902467823
RC,Platì,75.22559475,25376723,3736,0,0,7,0,35.03672481880264
SV,Plodio,65.535248042,10478330,622,0,0,7,0,5.833202044243909
IS,Poggio Sannita,44.918032787,4814241,584,0,0,0,0,4.602330937207325
BG,Pognano,67.799811143,21073745,1560,0,1,1,2,11.466235746831499
RM,Poli,53.442830069,21718731,2260,0,0,4,5,29.44303023315331
CN,Polonghera,59.309309309,16426268,1112,1,0,0,0,11.368138181585127
AL,Pomaro Monferrato,55.737704918,4564763,313,0,0,0,0,2.466660245455296
BS,Pompiano,63.845521775,51064368,3744,0,0,0,0,29.505354501548332
OR,Pompu,49.704142012,1811035,215,0,0,0,0,1.6943512868143407
BI,Ponderano,68.64006864,57260017,3740,1,0,0,1,34.49650340144871
CO,Ponna,39.37007874,2202742,230,1,0,11,0,1.9749774149227584
BG,Ponte Nossa,67.446393762,26071698,1719,9,0,9,2,46.65894910392448
BS,Pontoglio,65.991716521,86383455,6902,4,0,2,0,175.4187126534762
PV,Portalbera,66.398390342,21507566,1449,0,0,0,1,12.43912683959467
TO,Porte,61.854103343,14741542,1079,2,2,0,2,22.756018204377487
CE,Portico di Caserta,46.42395121,70507214,7768,0,0,0,0,61.217306027785106
SO,Postalesio,66.206896552,9469103,659,1,0,8,2,7.075703812569395
VC,Postua,66.124661247,8843769,561,2,1,2,1,11.669680284985054
RI,Pozzaglia Sabina,50.0,3909229,308,1,0,17,2,3.307005727270673
CR,Pozzaglio ed Uniti,67.939698492,19803338,1443,0,0,0,0,11.371855380805087
AL,Pozzol Groppo,55.421686747,5296966,296,2,0,8,1,4.473630591340392
VI,Pozzoleone,62.520193861,36724479,2773,12,2,0,1,71.2213468233185
BG,Pradalunga,65.679094541,66860902,4518,1,0,7,1,40.24175853777739
VC,Prarolo,63.076923077,10412744,708,4,0,0,2,18.17491857686998
AV,Prata di Principato Ultra,50.451306413,27219779,2781,0,0,1,0,17.49377915816743
TO,Pratiglione,53.538461538,7331075,458,0,0,0,0,3.6093622760975257
BI,Pray,63.973619126,31299951,2008,10,0,0,0,50.5073331269622
BS,Preseglie,63.531870428,22114307,1465,2,0,3,0,22.184840508886282
PA,Prizzi,45.210597826,36576657,4264,1,1,0,1,40.67278577120999
CO,Proserpio,65.123966942,16638396,940,3,0,2,1,24.207193213094516
CB,Provvidenti,49.275362319,965376,107,0,0,0,0,0.8432352915773695
BG,Pumenengo,58.978873239,19368833,1679,0,0,3,0,15.745894264124635
CH,Quadri,56.144067797,8306834,717,0,0,2,0,7.180896834106802
TO,Quagliuzzo,66.968325792,6001242,333,1,0,1,0,1.9913023362762163
AT,Quaranti,53.409090909,1936027,150,0,0,0,0,1.1821055489402377
TO,Quassolo,66.985645933,4581009,339,0,0,3,0,3.1791888954962784
AV,Quindici,54.051927616,17609000,1825,0,0,2,0,18.277736014288582
CR,Quintano,66.823161189,13083322,894,0,0,0,1,7.6746579672861515
VC,Quinto Vercellese,71.25984252,5981252,391,0,0,0,0,3.0813551309042193
CT,Raddusa,43.35,17780913,2848,5,0,0,0,71.63589877768345
VA,Rancio Valcuvia,52.528548124,9462087,906,1,0,4,2,9.727750613335163
TO,Reano,57.983942908,28409784,1753,1,0,2,2,19.156671320078267
NO,Recetto,66.965888689,13293301,956,1,0,2,0,7.711038939541007
PV,Redavalle,67.17791411,15227366,1064,5,1,1,0,27.657315390197333
BS,Remedello,62.74149034,43583052,3346,3,2,0,0,85.04662219269576
MB,Renate,67.025779146,65119784,3991,3,4,11,0,94.12555642267388
CL,Resuttano,44.416666667,14705071,1767,0,1,0,0,13.394907463737992
AT,Revigliasco d'Asti,59.66029724,11013773,729,0,1,0,0,5.526252145481039
CR,Ricengo,63.014827018,24897824,1738,1,0,1,0,10.393043424768962
RM,Rignano Flaminio,55.260148656,116980195,10105,4,3,17,2,239.70742309097292
RE,Rio Saliceto,71.353118712,93726730,6002,2,1,0,0,121.80255691517316
AL,Rivarone,53.658536585,4850069,393,0,0,0,0,3.097116538223423
VC,Rive,56.678700361,5352720,424,0,0,0,0,3.341418351671072
VC,Roasio,65.462126477,32428858,2250,7,0,0,1,57.226449990820605
PV,Robecco Pavese,60.856269113,8020767,518,0,0,0,0,4.08220449567362
RM,Rocca Canterano,64.285714286,2404068,182,0,0,4,1,1.831947456720581
AQ,Rocca di Botte,60.401459854,9884777,856,0,0,67,0,8.027686414586473
ME,Roccafiorita,46.564885496,1739161,182,1,0,0,0,1.8606125441083572
RC,Roccaforte del Greco,44.128113879,3743747,367,0,0,4,0,3.4417767688706022
BS,Roccafranca,61.95755464,56760352,4835,7,2,4,0,129.3304551553444
PA,Roccamena,49.610678532,9889354,1394,0,0,0,0,10.98570090148461
PZ,Roccanova,49.733759318,13011703,1313,0,0,7,0,12.31349563358883
LT,Roccasecca dei Volsci,55.835543767,10952246,1050,0,0,0,0,8.274738842581664
CO,Rodero,35.160289555,9981980,1259,0,0,5,0,11.807076163509777
ME,Rodì Milici,58.333333333,19301481,1947,2,1,0,0,39.511759132596154
LC,Rogeno,64.737883284,48737342,3058,6,1,6,2,83.1145118214488
RC,Roghudi,43.578643579,7054412,971,0,0,5,0,9.10617232308816
SO,Rogolo,68.681318681,8300139,561,0,0,2,0,5.61852597480323
SA,Romagnano al Monte,59.523809524,3149100,375,0,0,1,0,2.3589238347043464
CR,Romanengo,65.800865801,45647040,3190,5,0,1,1,83.6131646424631
MB,Roncello,74.145094279,77427437,4785,1,0,4,0,41.08811708871912
BI,Ronco Biellese,61.082206035,22703708,1432,2,1,0,2,29.676053229970492
MB,Ronco Briantino,68.855218855,61480746,3581,2,2,2,0,77.5984874515525
GE,Ronco Scrivia,62.821482602,63759043,4179,9,2,4,4,114.02245244047648
VR,Roncà,62.209988203,48183470,3752,4,0,12,0,99.76149415228255
VC,Ronsecco,60.179640719,6964103,543,2,1,0,0,11.019458248073812
PV,Rosasco,60.681114551,7932272,546,0,0,1,1,3.608533212481628
CS,Rota Greca,45.387994143,7027177,1011,0,0,0,0,7.967391399857202
CO,Rovellasca,66.966108616,125455265,7923,16,1,0,2,204.01385748009085
VR,Roveredo di Guà,63.703703704,20387472,1618,1,0,0,0,16.54104998004023
TO,Rueglio,57.906458797,9829914,788,0,0,5,0,7.389973007820258
SA,Sacco,45.528455285,4228300,443,2,0,0,1,8.813639324033288
VC,Salasco,59.842519685,2347923,207,1,0,0,1,1.9092984502940866
TO,Salerano Canavese,65.333333333,7474519,458,0,0,0,0,3.6093622760975257
LO,Salerano sul Lambro,69.868496284,39672743,2602,0,0,2,0,26.059544717358296
VC,Sali Vercellese,54.237288136,1458218,99,0,0,0,0,0.7801896623005569
SA,Salvitelle,48.709677419,4299484,496,0,0,1,0,3.1200699253689486
RC,Samo,69.182389937,8622500,737,1,0,11,1,6.564447995206272
CN,San Benedetto Belbo,67.676767677,2105324,151,0,1,1,2,1.109872819084331
CB,San Biase,40.506329114,1450789,134,0,0,0,0,1.0560142903866123
PZ,San Chirico Nuovo,54.58996328,13046963,1206,1,1,26,0,10.367205364408022
PV,San Cipriano Po,72.839506173,6539425,465,0,0,0,0,3.664527201714737
CE,San Cipriano d'Aversa,41.602449066,76652825,13130,3,2,0,1,337.229096209943
CS,San Cosmo Albanese,60.906515581,4674295,578,0,0,0,0,4.555046715249716
LO,San Fiorano,69.497400347,32627972,1851,1,0,0,0,18.923042962332797
ME,San Fratello,53.681110644,26579061,3323,5,0,3,0,88.35486275800504
,San Gennaro Vesuviano,49.802843828,100415899,12031,0,2,0,2,110.20424012016694
TO,San Germano Chisone,59.191176471,24407446,1691,0,0,3,2,17.85581667717264
VC,San Giacomo Vercellese,52.631578947,3864751,277,1,0,1,0,1.6564286701156514
FR,San Giovanni Incarico,55.745721271,35549902,3094,2,0,2,0,65.22326357933449
CH,San Giovanni Lipioni,62.686567164,1978411,139,1,0,3,13,1.8262536601010966
MN,San Giovanni del Dosso,71.243523316,16605552,1245,0,0,0,0,9.811476056203972
RC,San Giovanni di Gerace,48.763250883,3601105,419,0,0,2,0,4.196367884924337
CB,San Giovanni in Galdo,46.417445483,4742497,537,2,0,3,1,8.116012255235779
RC,San Luca,72.816361312,30024282,3482,0,0,14,0,32.654677681764134
CE,San Marcellino,42.007211538,93580891,14643,1,0,0,1,135.0621121142817
CS,San Martino di Finita,49.489051095,7541287,968,0,0,0,0,7.628521142494334
MT,San Mauro Forte,43.709327549,10161202,1287,5,0,11,1,34.73309458328955
BN,San Nazzaro,54.103852596,8573092,862,2,2,0,0,17.820703428698785
NO,San Nazzaro Sesia,66.816143498,11069377,731,0,0,2,1,7.944081120743212
CO,San Nazzaro Val Cavargna,23.728813559,1293095,278,0,0,4,1,2.7982494119138543
PZ,San Paolo Albanese,57.777777778,2851142,220,0,0,12,3,2.8661356864131537
TO,San Ponso,58.959537572,3884763,248,0,0,0,0,1.954414507581193
RC,San Procopio,55.591054313,4312308,495,0,0,0,0,3.900948311502784
LO,San Rocco al Porto,69.718004338,51911240,3347,4,0,2,0,85.0661302884939
AV,San Sossio Baronia,51.053159478,13395291,1523,0,0,0,0,12.002311673573214
ME,San Teodoro,56.385542169,56946169,4992,2,1,0,0,101.30595870052389
ME,San Teodoro,56.385542169,56946169,1244,2,1,0,0,25.24531502873632
SS,San Teodoro,57.843426883,56946169,4992,2,1,0,0,101.30595870052389
SS,San Teodoro,57.843426883,56946169,1244,2,1,0,0,25.24531502873632
SS,San Teodoro,57.843426883,11030252,4992,2,1,0,0,101.30595870052389
SS,San Teodoro,57.843426883,11030252,1244,2,1,0,0,25.24531502873632
ME,San Teodoro,56.385542169,11030252,4992,2,1,0,0,101.30595870052389
ME,San Teodoro,56.385542169,11030252,1244,2,1,0,0,25.24531502873632
FR,San Vittore del Lazio,53.133985049,25575042,2474,1,0,0,0,25.29206282485756
BS,San Zeno Naviglio,69.353785901,74015311,4704,10,1,0,1,120.0027575608826
PV,San Zenone al Po,58.602150538,7703583,540,0,0,2,0,5.40820682066621
VA,Sangiano,62.014690451,20003093,1459,0,0,2,2,16.74064650837402
RC,Sant'Agata del Bianco,67.272727273,5902664,591,1,1,8,1,5.274096867014688
PV,Sant'Alessio con Vialone,71.97640118,16566929,1017,2,1,0,0,20.638653845839904
FR,Sant'Ambrogio sul Garigliano,58.08477237,10062060,879,0,0,2,0,8.803358880306664
BN,Sant'Arcangelo Trimonte,40.836012862,4652140,480,0,0,0,0,3.7827377566087605
CE,Sant'Arpino,43.708675616,110229684,14910,5,0,0,1,379.22060860583787
IS,Sant'Elena Sannita,36.15819209,2254095,270,0,0,0,0,2.127789988092428
RC,Santa Cristina d'Aspromonte,60.0,7985738,774,0,0,5,0,7.258679071133096
ME,Santa Lucia del Mela,53.294239393,36783587,4428,13,0,0,1,112.62165358193495
LC,Santa Maria Hoè,68.485283561,35580942,2130,0,0,6,0,19.97543465311821
SA,Santomenna,48.727272727,3073213,401,0,0,3,0,3.76063347225371
ME,Saponara,47.097020626,35609012,3704,2,4,1,2,76.68919032657853
PZ,Sarconi,63.082039911,13199334,1406,1,0,12,1,12.523221005780215
AL,Sardigliano,65.454545455,6440017,386,0,0,11,0,3.6199613972317506
PC,Sarmato,72.60653016,43433949,2950,7,4,3,1,70.01572408815248
BN,Sassinoro,48.476454294,5754157,633,1,0,1,0,3.7852684049935283
KR,Savelli,55.851851852,9983584,1045,9,0,0,0,26.284941791671066
PZ,Savoia di Lucania,53.225806452,9665222,1020,1,0,7,2,10.951772213688592
CS,Scala Coeli,57.243816254,6996637,828,0,0,0,0,6.525222630150112
PV,Scaldasole,64.273789649,12306620,852,0,0,0,0,6.71435951798055
ME,Scaletta Zanclea,44.584569733,18524343,1871,0,2,0,1,16.69960389577021
AV,Scampitella,55.342465753,10222715,1049,0,1,0,1,9.147565370152313
CR,Scandolara Ripa d'Oglio,64.197530864,7700567,532,4,0,2,0,13.52111781101845
MN,Schivenoglia,69.36416185,15241914,1090,0,0,0,0,8.589966988965728
,Scisciano,50.638599811,62356948,6150,0,0,0,0,48.466327506549746
LO,Secugnago,68.174726989,28940203,1945,4,1,0,0,49.10782825368902
CZ,Sellia,46.327683616,3893452,494,0,0,0,0,3.8930676078431827
BS,Seniga,65.901262916,20342747,1427,1,1,1,0,8.465740098300786
OR,Senis,40.4,3420887,424,0,0,0,0,3.341418351671072
LO,Senna Lodigiana,65.875109938,24076871,1764,1,1,3,3,20.471980822359637
CR,Sergnano,65.901360544,50858209,3505,7,0,1,0,90.71115740491611
RC,Serrata,49.718574109,6287185,796,0,0,4,0,7.464998114498636
IS,Sessano del Molise,50.632911392,7346015,663,1,0,2,0,5.3477184277360745
FR,Sgurgola,51.06257379,23260863,2389,0,0,0,0,18.827001042788186
RC,Sinopoli,56.696428571,13762643,1891,0,0,6,0,17.73405959110166
AV,Sirignano,52.115480338,28598123,2831,0,0,1,0,17.808302336128012
OR,Siris,55.769230769,1643673,223,0,0,0,0,1.7573969160911533
MI,Solaro,68.300723097,216030884,13924,14,2,4,9,379.9111337117001
AL,Solero,59.979939819,24236812,1565,1,1,0,1,14.927980706365767
BG,Solza,67.140825036,30093165,1985,0,0,2,0,19.880167664856348
BG,Songavazzo,63.452914798,9642878,696,4,1,6,3,18.993340457407704
OR,Sorradile,49.504950495,3282142,349,0,0,1,0,2.1953717821648446
NO,Sozzago,64.705882353,16594970,1088,2,0,0,0,22.125966625314803
CE,Sparanise,50.958401305,72472277,7220,0,0,0,0,56.89868042232344
EN,Sperlinga,45.319148936,5898036,697,1,0,0,0,7.1255326551842035
AV,Sperone,51.032110092,34780763,3660,0,0,0,1,31.41974067143995
CR,Spinadesco,67.696909272,22858965,1476,2,1,1,0,31.2102065739822
CB,Spinete,48.631029987,11604849,1186,0,0,0,0,9.34651454028748
BG,Spirano,69.466882068,77539753,5609,12,4,1,6,130.75302930137943
SO,Spriana,63.793103448,1119640,79,0,0,4,0,0.7408729284489852
RC,Staiti,55.371900826,1964935,189,0,0,3,0,1.7724681452766862
VV,Stefanaconi,52.930289944,21932982,2345,0,0,0,0,18.480250081765714
FG,Stornara,76.875957121,41451821,5707,3,1,0,0,144.0917099454001
TO,Strambino,68.559520709,98359213,6080,12,2,2,1,157.71978002377452
,Striano,47.713751487,62195727,8709,2,0,0,0,177.10941483443622
BI,Strona,61.643835616,15022943,967,0,0,0,0,7.620640438834732
VC,Stroppiana,66.26344086,17158378,1172,3,0,0,1,29.80862195077411
BG,Strozza,65.416666667,14284887,1077,0,0,16,0,10.100254986576672
PV,Suardi,62.133333333,8142751,588,0,0,2,0,5.88893631583654
CE,Succivo,46.17071525,68773235,8705,7,3,0,1,192.99078725992038
BG,Suisio,67.228915663,53020828,3774,1,1,4,2,38.33808259777588
LC,Taceno,64.571428571,7688116,539,5,0,3,0,14.331408674861486
CN,Tarantasca,64.697508897,26839725,2166,5,1,0,3,55.36325373601882
CB,Tavenna,58.60058309,5268830,602,0,0,0,0,4.744183603080154
PZ,Teana,52.459016393,4680909,533,0,0,6,0,4.998547732446951
NO,Terdobbiate,67.532467532,7425921,459,0,0,0,0,3.617242979757127
FR,Terelle,49.743589744,2808757,312,0,0,0,1,2.6784041228112745
BI,Ternengo,70.12987013,4144850,260,0,0,0,0,2.048982951496412
BG,Terno d'Isola,68.879294837,111787088,8016,2,0,2,2,175.2263718428182
RC,Terranova Sappo Minulio,49.142857143,3580749,460,0,0,0,0,3.625123683416729
LO,Terranova dei Passerini,69.218241042,14321381,931,2,0,1,0,19.77719962891198
PD,Terrassa Padovana,70.380739082,34291206,2677,4,0,0,1,68.08675850018967
VR,Terrazzo,64.419475655,25842847,2140,0,0,4,0,20.06921603646618
VT,Tessennano,54.45026178,3343444,288,0,0,2,0,2.884376971021979
CE,Teverola,41.838944674,109934441,14651,7,0,0,0,368.517399224663
CR,Ticengo,60.137457045,5614864,417,1,0,0,1,3.846267892621421
AL,Ticineto,61.995249406,18609075,1307,0,0,0,0,10.300079683099272
OR,Tinnura,48.591549296,2811624,239,1,0,0,0,2.4433318573730625
SS,Tissi,59.794437727,25484002,2361,2,0,0,0,48.014161031588465
CR,Torlino Vimercati,64.576802508,8054117,480,0,0,0,0,3.7827377566087605
CR,Tornata,54.603174603,6590503,426,0,0,0,1,3.65705178306924
CB,Toro,49.755501222,11849769,1243,1,0,1,0,7.432999411385396
PV,Torrazza Coste,67.527308838,26236015,1569,2,4,8,4,21.922346520429354
CN,Torre San Giorgio,63.048498845,11306310,744,0,0,0,0,5.863243522743579
PV,Torre d'Arese,67.1875,12654790,929,1,0,1,2,7.955896939082103
PV,Torre de' Negri,57.286432161,4353560,313,0,0,1,1,2.0686280137486257
CN,Torresina,53.846153846,617530,48,0,0,1,0,0.3019422508421563
PA,Torretta,43.02407932,31636665,4201,4,0,1,0,108.72398637890231
PV,Torrevecchia Pia,68.461852305,48573898,3480,4,0,1,1,91.21436142814156
PV,Torricella Verzate,63.653846154,13107876,816,3,1,0,2,21.011650599994212
TO,Trana,61.845900288,55126573,3813,3,1,4,0,101.5712020151469
CR,Trescore Cremasco,64.728056004,43243620,2794,0,0,0,0,22.018686024926826
MI,Trezzano Rosa,73.561253561,89201849,5374,5,2,1,9,141.45165143711395
CR,Trigolo,61.148977605,24328689,1638,0,0,1,1,10.825599637444883
PV,Trivolzio,72.301425662,39024545,2364,1,2,0,0,23.168507918026055
PV,Trovo,65.506807867,13943888,1017,1,0,0,0,10.396939326143952
CB,Tufara,44.672897196,6951693,798,0,0,0,0,6.288801520362064
CH,Tufillo,61.160714286,3807721,357,0,0,2,1,3.879667524083894
VA,Uboldo,68.159859464,179168624,10719,8,0,2,0,272.43019138403525
KR,Umbriatico,53.451676529,5192179,755,0,0,0,0,5.949931262999196
BS,Urago d'Oglio,61.664564943,43826472,3733,2,0,4,0,56.52969939909385
MC,Ussita,54.850746269,4615565,378,6,0,30,4,10.328307343285296
CR,Vaiano Cremasco,64.834710744,53636793,3554,0,0,0,0,28.00802080622403
CO,Val Rezzo,12.844036697,509602,162,0,0,5,0,1.5192584102371596
ME,Valdina,46.985210466,11313736,1268,1,0,0,2,14.911923740809986
PV,Valeggio,53.623188406,2369989,195,0,0,0,0,1.536737213622309
CE,Valle Agricola,33.595284872,5594660,766,0,0,1,0,4.818495086356078
PV,Valle Salimbene,70.505050505,34521436,1451,4,0,1,1,38.03219495179121
BI,Valle San Nicolao,64.06504065,13499921,881,0,0,3,0,8.262139872956405
CL,Vallelunga Pratameno,41.406636949,22490451,3164,1,2,0,1,29.305661082143082
FR,Vallemaio,50.996677741,7738726,892,0,0,0,0,7.029587664364613
FR,Vallerotonda,47.802197802,13033628,1414,0,0,1,0,8.894715472725188
RM,Vallinfreda,48.223350254,3149726,298,0,0,25,0,2.79468522376959
BG,Valnegra,64.912280702,3305207,215,3,0,6,0,5.716610139323227
SA,Valva,58.310120706,12960946,1551,2,0,1,0,32.9478374054162
TO,Varisella,56.628787879,11280016,850,1,0,1,3,10.097917575300762
TO,Vauda Canavese,61.073825503,20219153,1435,0,1,10,1,14.181984212273557
PV,Velezzo Lomellina,40.845070423,1234515,96,1,0,0,1,0.8854717450639242
PV,Vellezzo Bellini,67.922835352,49473238,3344,0,1,1,0,20.70396201812789
CO,Veniano,62.35059761,46464401,3078,3,0,1,3,81.55839574342039
BS,Verolavecchia,66.819317236,56771124,3754,2,0,1,0,79.74608744031748
PV,Verretto,63.241106719,5536730,377,0,0,3,1,3.7947483032069176
BI,Verrone,69.776119403,19178415,1177,0,1,0,1,10.263760191295779
BG,Vertova,63.017447828,64089605,4443,9,0,11,0,118.13441325122372
KR,Verzino,50.316742081,13451994,1616,0,0,0,0,12.73521711391616
NO,Vespolate,63.566487317,28581826,2015,0,0,0,0,15.879617874097192
TO,Vestignè,64.634146341,11087190,753,1,0,1,1,4.582535664397151
BG,Viadanica,65.499351492,17751120,1123,1,0,2,0,9.058050971866685
PA,Vicari,43.324937028,19003407,2461,0,1,0,0,18.655838861493606
PV,Vidigulfo,73.529411765,103044500,6555,7,2,1,4,172.53732325461144
BG,Vigolo,59.408602151,7146144,577,0,0,3,0,5.411185819178032
PV,Villa Biscossi,43.902439024,680704,61,0,0,0,0,0.48072292323569665
BS,Villa Carcina,67.989260143,158797363,10694,9,1,22,4,291.83158455677875
FR,Villa Latina,44.855967078,8984400,1156,2,0,1,0,24.556866563933674
AQ,Villa Sant'Angelo,64.031620553,6386004,485,0,0,1,1,3.2053820660322154
FR,Villa Santo Stefano,47.482014388,15654848,1651,0,0,1,0,10.385555336258335
BG,Villa d'Ogna,63.778162912,24437519,1782,1,0,39,0,15.301781536488502
BI,Villa del Bosco,55.092592593,4559645,316,1,0,0,0,3.230514087572752
PA,Villabate,37.196289206,124669191,19731,21,11,0,5,443.4928813578818
BS,Villachiara,62.420382166,17718607,1360,3,0,2,0,34.565263577039644
AG,Villafranca Sicula,59.282178218,10927952,1345,0,0,0,0,10.599546422164131
PA,Villafrati,49.337910741,24888656,3083,1,0,0,0,31.51795864552783
AL,Villalvernia,66.245487365,13167734,876,0,0,2,0,8.773313286858519
RO,Villamarzana,75.570469799,16286552,1148,1,0,1,1,6.986389034167237
TO,Villanova Canavese,59.19395466,16926203,1205,3,0,4,0,32.039605664579014
CN,Villanova Solaro,54.291845494,9523829,735,1,1,0,1,7.010904676791591
PV,Villanova d'Ardenghi,69.438669439,13309168,770,2,0,0,0,15.659002115342277
RO,Villanova del Ghebbo,71.182634731,27356522,1983,2,0,0,0,40.327014538602256
LO,Villanova del Sillaro,63.686708861,25801818,1850,5,0,1,0,47.87892758890009
TO,Villar Dora,62.377317339,43963246,2795,2,0,2,0,58.92017508217191
VC,Villarboit,49.626865672,5520278,386,1,0,4,1,3.4380962362952796
MN,Villimpenta,70.098410295,28583355,2093,4,1,0,2,53.8938538061126
TO,Virle Piemonte,58.594730238,14469354,1153,2,0,0,0,23.447830440246292
PV,Vistarino,65.071770335,20880805,1518,1,0,0,0,15.518735395365308
MI,Vizzolo Predabissi,68.046875,71730747,3852,1,1,1,1,23.280268813401477
CR,Volongo,58.496732026,6285363,463,0,0,1,0,2.9124846279149663
CR,Voltido,57.407407407,4581976,328,2,0,0,0,6.670328173808139
FG,Volturara Appula,50.69124424,3726740,391,1,0,3,0,3.357461605368689
CN,Vottignasco,60.856269113,6054212,497,0,0,1,0,3.12636038892816
PV,Zeccone,71.224307417,26336362,1696,2,0,0,2,35.22273535713978
PV,Zeme,57.450076805,12876134,996,0,1,0,0,7.550270420986441
PV,Zerbo,52.586206897,5957092,396,0,0,2,0,3.966018335155221
VV,Zungri,55.0,13659141,1882,0,0,6,0,17.649656346088484
